{"cameraMode":{"drawMode":0,"name":"Shaded","section":"Shading Mode"},"sceneLighting":true,"audioPlay":false,"sceneViewState":{"m_AlwaysRefresh":false,"showFog":true,"showSkybox":true,"showFlares":true,"showImageEffects":true,"showParticleSystems":true,"showVisualEffectGraphs":true,"m_FxEnabled":true},"in2DMode":false,"pivot":{"x":0.27894484996795657,"y":1.3033546209335328,"z":16.175004959106447},"rotation":{"x":0.05877106636762619,"y":0.015316270291805268,"z":-0.00027424286236055195,"w":0.9980745315551758},"size":10.920249938964844,"orthographic":false}